{
	"display": {
		"icon": {
			"id": "minecraft:armor_stand"
		},
		"title": "  Armor Statues  ",
		"frame": "challenge",
		"description": ["",{"text":"Adds a unique book that allows you to alter the properties of armor stands in survival.  ","color":"gold"},{"text":"Datapack by: ","color":"green"},{"text":"Phssthpok, MSpaceDev, and MukiTanuki\n","color":"aqua"},{"text":"Enter","color":"green"},{"text":" ","color":"gold"},{"text":"/trigger as_help","color":"yellow"},{"text":" for details.\n","color":"gold"},{"text":"Enter","color":"green"},{"text":" ","color":"gold"},{"text":"/function armor_statues:admin","color":"yellow"},{"text":" and use auto-complete to set config options.","color":"gold"}],
		"background": "minecraft:block/black_concrete",
		"show_toast": false,
		"announce_to_chat": false
	},
	"criteria": {
		"tick": {
			"trigger": "minecraft:tick"
		}
	}
}
